6.31188734269011,7.44867856241673,17.5921057154122
3.55073651878849,8.92267188231107,16.3813564043357
9.97003271606648,2.4260338627967,-29.7210213345323
2.24171498983127,1.2959697583754,-81.5454271562918
6.52451072968615,2.25067882127913,-18.2636671713979
6.04990641908259,3.50013919000766,-11.9726047448583
3.87245431483135,2.87084613146176,-24.6911825033282
1.42187159290504,9.27488007179428,79.1191887106045
0.251349857102031,0.513137568167955,-62.215256302082
4.21112253765241,5.92666755206387,12.4101633280396
1.84100289427511,1.62898900217732,-89.4478862674915
7.25775267469453,8.3840576967303,-0.0320057822085076
3.70362686515198,1.67560930211271,-10.4482730888031
8.41560087468206,5.02200615409473,-11.0766309793902
7.34229691193313,9.99329479025719,-3.59126202398159
5.71025872824379,3.55407151267881,-27.8694862348037
1.76855057625303,0.470777095488339,-73.9746021934814
9.57384022595723,2.13660585120799,-21.2171347626708
2.6532203619292,3.97839124102705,-27.416845210751
9.24580895239601,3.33668180380295,-11.3557097697163
2.23770404697041,2.29602531968198,-86.9293962712107
3.73563807642645,9.36120177502068,15.7713061776252
0.875003495765857,6.83188784699983,24.0357022213028
6.40116548246715,9.62113795722863,21.8838835086073
1.80616887753108,4.37973177632798,-27.1381853608446
0.450511074735742,9.40336654420907,71.0493311422021
7.23173479183095,0.0583432457237087,-23.11222180993
3.4743764558179,6.10307030069875,28.7640081160853
6.60616824502904,8.01075756966119,22.4085037156799
3.83868601071971,2.32981533413648,-15.6568018322865
6.27346502443467,9.32468675920979,14.1036250386597
0.216498146303065,7.63262775333742,73.1740224478136
9.10569988523029,8.26449539702682,-4.72749780339183
8.00558656278811,5.73463588604866,-27.5236867192069
7.45847484342721,7.92581664120226,1.10092246274455
8.13112813610761,3.29041195839248,-14.0718476057484
3.83306318625529,2.23461976125853,-20.398336495808
6.17279232316449,3.12386342019254,-11.0764860430024
5.75494859702814,5.84523478528556,27.2437486223376
5.30051704765016,8.29914141021523,18.8586933210774
2.75069755821935,2.90462491547268,-76.4402747200698
2.4862895966197,4.02554392063123,-28.5029124768386
4.51638770451973,8.62057298433146,23.6078998242861
2.27712826026548,6.147395502164,25.5706786713964
8.0444958361307,9.91187788329793,-4.21771290814315
9.8610424189597,2.03698875185622,-19.1270144730006
0.299919502693899,8.27209084946655,61.435314004809
5.35664190667238,6.75861618952774,24.7651398405358
0.870772199008923,2.48949470039808,-61.1400460618788
8.02091440555804,4.75785626569533,-29.0848864871883
9.8914490970034,3.99075226726792,-24.8474466892723
0.669462583977501,5.99438249091412,34.0617435056109
9.39398361884535,8.00522765803851,0.133639861576544
0.181775336366957,1.05068771291171,-67.2271439723318
6.83838613746355,8.21442194126392,15.1993055743374
7.83736480083219,8.41086330045423,2.58974161342075
5.34137567882728,3.54506244400439,-29.8668552768302
8.85359450931142,4.30069462615833,-17.1341149984913
8.9900489890614,5.72239218412685,-25.0571568220602
6.25937626080496,7.00824730771237,12.2009699422533
1.37868992412558,7.4246975698728,77.9113568884321
2.17801593712125,7.57884150620785,72.9178560096181
1.82141075890434,3.89128763569227,-30.9607702598239
0.418198639729543,4.29302484999837,-23.9176425585688
1.06941658550207,9.56344657500659,62.8442304475069
6.16443485085685,5.72971367270484,-19.0192697858234
9.39661010161067,8.49722054218674,1.40074510267742
3.54455730967329,2.76345316298223,-12.6407763473763
4.10629090059514,6.2232361515245,19.056448596481
9.84349416984452,5.88361684613539,-23.0439919789629
9.45579189035263,9.63468465806992,3.26998331558064
6.76644678433539,0.85902694967251,-16.1615381684042
9.88302262313286,5.00498891603951,-18.0472715801011
7.66831387216594,5.21589676498055,-27.684626320929
3.36699264391476,0.901660021689635,-24.0115902011028
6.62381860399481,9.04666479690125,14.8374459029517
2.44165286790279,8.8438893850986,82.7949544715876
2.95507250831597,4.3898966680559,-24.3638860579014
6.80178371230502,7.81722612917166,15.5487743791098
5.27846830418798,1.48465022943408,-10.122156060532
4.11593513407535,6.19815927260871,17.4942228229112
6.02638218036397,2.60623679394421,-18.7386556146398
7.50520055923736,4.45656211439575,-16.0859693768336
5.83533174261959,8.43999511474936,15.8172066121808
5.51792514935967,1.96204918731252,-14.8503261777
5.83570618757714,3.03851622777652,-28.7336722004467
5.11819919958475,4.83294567734286,-27.2038048165407
0.825927269986994,3.37812043871024,-25.9584239065675
7.1957013485949,7.98485829521549,-0.205808956413845
9.96156111296869,9.87487575189353,0.649960930948596
3.54534304956922,1.59047554722395,-19.7923877909309
9.71258815183406,2.36879783226055,-15.3962326534763
3.4644876130036,7.0223663266789,29.7948028412443
8.86543861760306,3.75471662697547,-13.6735139253225
4.54694864991908,9.73704902674984,27.2331344984805
4.13427289020815,9.72305555688457,10.6526514421291
2.177320683573,6.43698049421405,24.9793702937998
1.25654587362626,8.60098876854161,82.4624098734887
3.08914593566815,4.01883398008086,22.8873291636329
7.26104431664832,6.31930797977457,-13.3847592530333
7.82872072979123,9.8523663941483,4.52205100722434
6.93787614986897,5.59477405987275,-20.865404707845
0.0980225226306208,9.33591915842209,67.5424042846746
8.4321333801051,7.20343206000748,0.78572309853611
9.22331997796276,4.84038516812342,-28.3095319806675
7.70954220673925,6.3903109268123,-27.9119305228879
0.426598559350487,8.87636865889604,74.4751985214012
3.78186137050219,1.98736750098921,-18.8547995552747
7.04339624483368,3.9536627395521,-16.2350990449662
7.29513045504647,9.92175302495305,-4.44686228018332
2.24277070664514,4.02351616935948,-31.3068766011307
2.69054731773365,6.58856481072931,21.9792121964138
6.73031165004119,9.01348123034512,17.1184423816677
4.77492197726861,9.95381776517886,17.917419280294
6.23716412667442,6.5316328109469,27.7104245497927
2.3644493264091,1.08436427855515,-60.6371864586585
1.77123754498317,0.36114030795356,-85.3224215762324
8.29643385697585,6.18091239046974,-15.7614128764447
7.66921667935265,5.67144361897996,-15.0068576507294
9.3447827311827,9.61964657805326,-0.116203649750345
1.07888905084364,7.46105469418888,81.8710834603504
1.82227505601056,6.62516098435082,23.0392414424569
0.990952824224585,5.2331331841201,23.2441430815476
4.89763801923447,2.59894281484397,-29.5266902955884
1.9324533046887,9.61993766916173,77.7970737730965
8.95891573792568,5.4020403751352,-16.0880715618693
0.990896496818146,0.302701634197687,-89.0310864958599
0.441655717626611,6.96314463411127,33.4395474597748
5.57295155804762,5.19716157920878,-13.8005095358456
7.72495067187624,0.590305556644841,-10.0359864775831
3.11940057496269,8.90036233228213,24.2352752663054
1.78982479314335,3.30202242514021,-33.0159018336481
3.38955678247718,2.2970119787112,-12.3661581967599
2.10145637043552,1.13948641995189,-61.1706893018293
5.1015251976525,3.10922713453606,-21.9638905085956
9.06364323265215,2.28432322135737,-22.0862701126266
6.28923938652318,6.51997167217003,20.3286482089778
1.01533888812312,0.661601245983268,-60.2252221227985
3.90854752726355,2.75431379860917,-23.7786672717624
0.546166152236576,2.81820237560867,-88.3806112618427
5.01282913203215,8.80066259726056,27.4707291292843
4.31721171884247,4.44330358699235,12.2655290504796
9.97560349512189,7.55914120907961,-1.4543065880748
8.11602580995323,6.03296375815348,-14.838736612534
4.85651669898018,7.83265937404036,21.2066661968124
8.94447755567393,1.13930638678426,-22.2545421509977
1.37546594767065,9.78563885159978,69.0242727198218
3.90004914445285,8.48596675479549,25.9628342839031
9.27356224998125,0.506464976705434,-25.9128325345341
9.17493832416117,4.66201833790636,-25.6218453182077
7.13574011594316,3.25653274948034,-17.021968648292
6.1833738362194,6.3020512499975,11.0859470779995
3.43287890241345,2.30299163777674,-24.1740923395845
9.3602732668977,5.79884973281289,-29.8585688260799
1.24774040660493,6.03156320439897,22.4371472778483
7.30585361505707,5.99879095832857,-12.2713267734409
6.46477432425814,4.48427880383915,-28.2575085177309
8.33151985669295,0.354234606827885,-19.6331396074511
3.98282228218775,5.13814835038277,27.0361190401671
7.49822209360636,4.07730161772637,-26.1982760620841
8.35220510478131,1.08046036615559,-13.7351908853968
3.22460397362259,4.59875628942314,14.9439971349133
5.52261616858355,4.5088275367583,-11.0837768273454
9.79129132433892,5.51140335804419,-22.1792291290776
5.49308533018303,8.05404317007998,25.5446485846902
3.30423609606603,7.00850072786061,20.2212817822544
6.1947155517778,8.72235503921598,10.5550017689654
3.60636571002203,0.52192152428901,-29.8077056313375
7.56509543501944,2.19681311405346,-20.0187984750721
4.1390074869019,4.59642010111367,16.6399497392231
4.92345104384938,9.5853359612901,13.4776627988901
6.9474323313261,7.90045356979438,22.5127278969768
9.72733885079784,4.51874609042501,-21.5026966561265
3.27754960493407,3.33428186460866,25.0197076905089
8.37803183078576,0.590953126800806,-13.0703759955317
7.39072227273528,7.40905302893588,-1.43212803397641
9.54174456379543,5.06794524055502,-12.8790160049229
0.319226295039784,1.99925413139355,-85.5182296573575
3.56868986182542,4.27193551101288,16.7573948061668
6.62653834287214,1.68690278712271,-15.5039298569068
2.81501559148491,7.51694590854687,60.1803291935135
2.30383067317464,3.683508416288,-32.0286795292625
7.11128551180325,9.41817795239884,-0.0259171526142925
6.24572916993309,0.171725409107173,-20.7568568264824
5.90608652919636,8.29055908778801,27.4182504924265
6.60437966312602,6.26590974955276,-24.456871373329
0.475546731138661,5.38746515157219,30.0212889751227
3.48784808510059,6.50507635380061,13.5765558460742
4.51340580355743,7.26629532306514,21.009907097492
2.40904997120111,0.944885639205785,-88.7962523606391
7.15045013296177,8.7757393430766,0.960216719862993
8.56182292006288,0.143621439459858,-26.1714141750478
2.81507695118553,2.94302626846237,-89.5359706459033
7.31050829723741,1.7991487850424,-27.7184889533988
1.37762892519516,9.2629426819795,66.4151100933934
8.36722781749718,0.681804368270346,-10.6926012262493
1.3860171574236,5.81093227578491,26.7668568710476
5.88209385389494,6.37151222525225,10.2758911355619
3.66156800454938,6.51269264764942,19.4742149826582
8.06759544661106,8.64622012533553,4.51197090728795
5.03780785776156,0.559525294070209,-14.9790455741087
4.89594338723354,8.1685517377385,17.7284560110883
8.77048723385044,5.28922466328429,-18.6286675285211
3.53141812938956,6.94350560622442,26.6177296949808
4.49443556571748,2.12404896281834,-26.4929363926567
9.63530286843427,5.43279946249851,-19.0599722460222
0.422977979145428,7.02520272153464,71.4168050984303
9.72958334140635,9.56434557260469,4.25868542840634
1.89206843122376,4.44542162873471,-31.1126544117675
6.67120300040075,0.85397830812645,-24.7526614684565
5.86439614678918,0.573401475412575,-28.9383199802406
6.75112416405115,6.29450486099479,-20.2019941086476
3.61022049194661,7.96179066498458,25.837583697935
6.20278427071085,6.91191332858144,19.0434700465812
8.11150885100285,3.45307862215166,-26.9839741509797
0.192574774141414,9.46816667161595,71.7129248838749
0.838735082828999,5.20190318211477,31.0756476725943
9.7480166718489,9.53813025197927,4.76438557351852
6.51349532415353,0.735956358081999,-20.4659811643022
2.31237816164352,2.07031948073074,-72.8974590512932
4.0349114312459,7.75027813981967,14.1431616517312
1.2202051825213,9.14187821243774,69.7020413843113
2.68438821397283,7.825506477103,63.3261065508033
2.57846170112605,2.95534196164876,-71.2563016272634
3.31665238742629,1.51845722314485,-16.5980795826807
1.52234012862946,8.47910522313782,70.2631551658386
3.48007659716113,7.8485459109315,26.3423770261423
1.21658454307726,2.70831502151317,-75.9505594271269
8.8415305774966,2.27810704816134,-20.4224409701776
0.942783900641461,3.21023217088951,-31.6146456347997
9.30040626107489,8.29561804399168,-3.79737229220021
3.99019969034555,8.22182194600976,22.5090030383505
0.474014620291507,5.70682850481878,25.1997302832582
3.4237350316074,5.71829636228848,16.6923877167975
7.35966158880164,2.8601827249938,-21.4923312676195
7.94682157333805,6.99133559301209,-27.2787528211757
5.44905898244672,7.96257943281577,13.9712614434131
6.86223462984041,4.41589056151223,-23.449019273953
8.93632695933602,4.46215611691222,-28.0366274196014
0.547917899197324,4.65662408365111,-22.9873577242843
3.03661379717016,2.79039187274615,-15.9656829965997
0.461915563315478,6.75375318416595,27.4478040539506
1.95476763633798,9.0366452636354,86.6971269505404
7.20165802516526,9.08525898848375,0.0141458986859799
7.21753273499297,7.47196944130713,-2.23004760896025
8.77799071151527,2.60511507083546,-20.679163573337
5.8243296448741,6.89637840074109,21.4849910757128
0.7068433538665,1.31830665475512,-72.3841320516318
9.22744570189092,1.23500832319801,-10.2952732561009
8.00372092351107,1.90902853244491,-24.0552960685651
2.85946856420363,1.45732099496291,-75.2024145446097
5.43663232841362,5.85043615268716,17.6253219685392
9.8477623697061,0.733616900804668,-11.2986306974771
7.15678067126622,8.22326222185306,-1.41420039338985
8.3896959733,7.22902973268465,-2.65748757467757
4.33260561007948,9.25858038017486,14.0700810577794
4.70624715606541,4.92638598461781,26.2755916632844
5.60713411044556,6.54882898449669,17.8686918718695
2.69091543530998,8.90123477961687,61.6072551258448
7.49018467641946,5.38525574469021,-17.5010315654494
5.03887773460489,2.82205164558222,-25.4998835483535
6.4680966627278,9.75957517879964,13.3059524174155
3.07745582030941,0.364255155254801,-28.2443779407332
1.38724636078145,3.26244573060312,-24.7880867271385
4.75572933797563,9.7301362389282,16.595593365679
3.62459280818746,3.65032625305747,14.0847134019022
7.88113428398547,3.09149618895917,-25.3442947275963
7.8029582084411,1.20912384580628,-11.3994629790565
6.68512214253545,9.1576570404079,29.0006789602723
1.33503859661312,1.35478205681502,-64.7462935472066
0.21555887203497,3.32117891828341,-24.2966879960151
5.5984070587251,8.97479892399884,23.742582294739
3.00819018069489,4.99648777847273,12.8229964727558
9.39409713873458,6.15288242215057,-20.2417330096687
9.80903636046859,5.83132968088648,-24.4265385458833
2.86620388894259,6.98253926627414,33.9326770342978
8.00820286951535,0.29332342754362,-24.6420770003252
8.96111351432604,5.27882687738647,-24.9969604147625
5.9752657681783,0.320728464199854,-18.1463920621101
8.8401673572382,8.27142322836315,-2.60508304412117
9.43731541195791,3.39986206482169,-20.4170095016608
5.49158087419903,8.4671095888053,14.3815472021781
7.28386824594357,2.46069567106098,-26.8477580779749
5.7675829785801,5.81491252368133,23.2586581810259
0.258574710831396,9.37676879074775,84.4870585549937
4.46530978284814,0.477872923850662,-25.8775520020514
6.46301957350656,0.539776591702386,-19.3821040710352
5.21202952672418,0.206180341199909,-16.1904995866915
3.72312660779512,6.81478514196212,23.7515849502748
9.37134666341562,5.98628526633235,-29.7370444677994
8.29532824526515,1.14030034515656,-25.3986775171108
8.49085479954455,7.96245350725845,3.29580846725193
3.72534239899539,6.17850587139279,24.1216953090062
5.9318457521849,0.702135239869583,-21.906728372955
8.72552564647559,0.692789725680013,-25.0574824016508
9.33501608507105,1.3600738862009,-19.9344440765048
6.68464274361376,7.88891319657009,27.3026530802412
2.06776457935105,0.923984579238296,-62.0408308238824
6.53850592062588,2.37868792007306,-29.3709188042599
0.720515512206499,2.43647912616785,-62.96268935913
4.06726915089364,1.04822212658895,-20.9395417291055
6.66931533207499,8.58352760228758,18.0593981795907
9.3372565954593,6.98199766179566,-12.1408031080037
8.10950032238265,7.33742133263281,2.24166170480622
4.8454827183499,6.50530624454913,22.2736469592115
7.56749210065512,5.16270565774129,-25.6593638503613
4.17047453742767,3.26388135088882,-21.3324116488329
9.71785992989294,6.61776196778501,-26.2263831741385
9.87974701230832,1.17565484621756,-21.5355172048198
8.64147529031203,1.47817414181606,-28.8805838768333
3.88883775912428,0.19764663728817,-27.4290429788336
4.54741828039112,9.64291730299559,20.1520441588954
2.46687197638079,9.70372902013312,83.6646949503738
7.84423093024177,1.2386050714682,-19.460612817994
8.82837605583052,4.6741002677446,-26.5760339697688
9.13711681293018,6.56694003304474,-16.4496317612391
5.58284923622275,2.90185566632867,-29.5229307045471
5.98868102746205,7.54536639716295,15.5642208052629
1.48876720337549,5.58118051358972,21.0924620721864
8.99713484535738,4.27792595548456,-25.0244721174402
4.50393580652116,2.671940572742,-26.6237724106834
2.05672339463963,7.53736074133061,87.6701427999339
8.99650990509081,8.98376325005631,-1.72975706629985
7.62585539373227,7.28444033957786,3.04069262570712
8.82486307400298,4.06830134654488,-20.7650066660113
2.84950218024821,9.38315840253697,73.8988463723792
6.73225986452258,2.55427454937803,-26.4150050170934
6.64279904418051,5.33163240608823,-29.0381301238291
1.22814993899526,9.5475487037637,62.2881866831932
4.07318423056813,2.67747536440096,-24.1734212837565
2.7528695131569,2.50084620589589,-67.0477933151096
7.16669740639142,9.27672720239348,-1.01104442280988
2.83384381628936,0.685823485554556,-68.0437328071983
8.96198856849495,2.99400386560865,-26.6502663319107
8.2657889231356,5.91583534156367,-29.9074762069241
3.90026512813998,2.03299145356336,-22.9950196550928
4.97902942964187,6.35883198886887,24.0790566208854
6.94805192672494,7.98370257830259,28.6460639593751
8.34369001099938,5.01701052364218,-23.7530509613903
6.09629689675732,6.50812135949142,21.3670783733988
5.74737160856408,7.95954985556127,17.6169505857905
3.26042170922791,2.33373768071567,-22.6915896962084
4.56424600851747,6.00838938434792,17.2645724218793
7.13795583233135,1.12462378383286,-18.1523888989181
8.84405045275995,5.15765653195914,-17.3739944715158
7.20855670816931,8.37840690870234,-0.316012396096422
0.186127747263861,9.20790107998705,75.1024152985188
6.74776467128286,4.98227929455356,-28.2107156479742
4.38508824236513,2.77611122264388,-14.1286204414762
4.3782017916627,6.52519960748294,16.7720735055477
1.17036819505658,9.17298803800668,77.2237686596507
8.14681689518582,5.09839453514735,-19.7386487885929
3.24855438630509,9.74191483802598,15.2443797138088
2.46228114234641,1.97278942097314,-77.3878038885936
3.4271322112328,1.11184983788934,-27.5665539795086
3.75692140009588,2.97354293368622,-11.2190044476898
5.46553793082959,3.96418535561727,-18.817529378604
5.61920154265977,4.20755683348492,-11.6851600267491
3.95822228624001,3.11475357650453,-21.2647523085146
3.98130879531336,6.93843170932226,20.7862116058314
5.15367219211572,0.918718332714995,-25.361158005426
6.57530542095911,4.02088619037046,-14.6618054439788
9.50915198264959,2.95180804029962,-21.7472348497294
7.22348514327498,3.06496779026379,-19.1794773364472
4.00079745362338,1.05561130735275,-27.2196304360737
8.3187133932981,5.93827604564268,-23.2167218889649
1.34338341728708,2.82727516244758,-70.6163749832536
0.604667719398284,1.552216209395,-70.4155889368165
0.842470523146596,0.00658667586112327,-67.6115430694344
1.63898318329708,2.83595417078381,-88.5758443612019
3.24219920294049,5.508108749796,15.9640197964787
3.01726777204647,8.70902191503684,13.1681215555659
0.116809911303396,0.422534253324928,-70.8389117018128
5.39905093849625,9.04721981466327,24.8325818576565
0.953726926278216,1.30974086365166,-81.177000300883
1.46514856442232,8.33728948123066,81.0267651861322
6.31141207014955,8.00468374899062,10.12451574823
8.59320411428785,9.17880091998639,-1.25654398724159
9.74221631238713,1.37303658445877,-28.0299123858532
5.70838427472184,5.04732317557449,-16.366896561545
9.96850214574949,4.04958480117297,-21.9416584642962
5.53541573495533,1.73572161534717,-15.9559036494464
5.15458454840326,5.75183612467853,12.5002876257146
3.30682065990267,6.06217932572783,17.7671133731411
4.30001798393396,2.14445740415978,-26.3537548794773
4.91806253603745,5.19932255056438,29.6235140848665
0.710370839129527,9.89185809639386,85.8596950586146
8.87739215532716,4.89915162413395,-11.6764176419201
0.646335910508684,6.94873211187083,25.0656798550569
4.36184955731448,4.11421827387765,-14.7225833274429
8.26629506618892,0.347767400997466,-16.3561077586434
3.94534684233034,2.92831555968535,-29.688968109487
6.13474881705262,8.01441737777535,20.9650178251283
8.18640735082209,3.46501990563077,-24.9850251870885
8.86235039062606,0.833159448238722,-26.8370346944818
9.31111627487221,5.1110637094286,-13.3377941397406
1.90784648009122,3.66833407852287,-33.5464641393438
2.58582251418772,7.39479504887487,63.1537238346666
8.97865684840299,5.24740163941995,-24.9018619288145
5.93361860386109,8.04520877458731,24.5874387567581
5.03840081846848,8.16911179049531,24.3493920422057
6.12809588835559,1.89471481685439,-12.6686353546407
8.19422242231876,1.23693456864363,-18.9157799903254
5.31889169492926,8.20996478991022,20.1757446242914
2.02075096548432,6.37897620011436,27.9573543622804
4.53893465680522,0.161198018822152,-27.1943408717098
4.27910919820171,8.95954627639733,23.5544982143938
9.66052749611999,5.15375057119979,-26.116765175895
6.20055054133474,5.44521938346247,-20.6248573891716
6.95389951918004,6.06442208248527,-29.1179167722638
7.20164612017979,7.60436217840179,-4.33323055400677
3.46895190287614,8.553468718769,20.830360548999
5.1699042052531,3.82868448331762,-15.6332068698927
5.56694632012102,0.846491886172254,-19.6180067273103
1.56495219114045,7.33873298781272,80.5459134404641
5.62056045561775,3.31989332624431,-14.165167775935
6.94803289108456,8.39749534874645,22.1632197718813
4.26455535710237,3.71723308016557,-16.5235234475352
8.36270420676314,8.28215270033629,3.80847202361808
7.31387066161933,1.7651862896156,-12.6678922672185
3.60031042085772,1.29519861034667,-12.0481557977468
4.54212371853399,8.79883582417879,29.1823380626786
3.86389898592172,0.440791284676966,-13.0580399934958
7.75554642250535,6.86720018480803,-13.050761621909
7.34271105685939,7.33772904933592,-3.44447411943372
4.30277845074156,4.37172437244659,11.7913880585372
6.93752574133913,3.79838916907628,-19.0884912280626
9.4521348716846,9.79657439846574,1.68895692810288
7.84232598231741,3.98993422611629,-26.6260336390113
7.05571858131069,4.40186914269368,-25.8047027382743
1.09334239524346,1.56807887544396,-81.3813275337596
3.89930657156485,3.26034284066419,-19.4519501008356
5.90904730405336,3.14061928673465,-24.171763047915
4.59380047966325,8.94500663904255,29.1611896204053
0.503399867389541,2.4702417926404,-75.1732668689383
2.28687584020221,3.10679015912649,-24.5757967297622
8.341890610569,4.08868908042171,-25.7962236760394
0.15644692696527,7.08010894064053,67.091608907635
8.63710865055866,1.43637595059492,-14.6860566654609
0.780690530324343,8.71322066573022,73.9409819582623
6.69042590081555,0.831558967534599,-22.387736024319
5.00211324281102,4.61737838368131,-22.3065880033507
2.17993798750154,0.303890236611514,-63.6787170466815
5.71615725404089,7.53200532708854,12.4758705665442
1.2218915092342,7.00042669529619,68.5337697388745
6.71166232988653,2.14512246163991,-24.7146561365223
5.99585548122814,6.79904685523419,18.2261620596608
0.559761573877905,5.57292680689929,32.4347283906907
0.563430185433568,8.50678902590103,88.0534234814922
1.5250063700247,5.58565491802886,25.9859998724306
0.196210667655841,9.01773664047563,61.5663414039173
4.35175545696952,4.19517704013185,-21.4237220447694
8.32221475282818,3.58128352789036,-24.9533995136351
6.17390171454084,4.88987517379486,-16.4048711620843
5.20129415310742,2.55962141002191,-19.8586863728439
8.63868222933611,9.29169268992396,-2.78347245524051
0.976979181614431,4.66756814210436,-34.0891061398445
9.08052203186769,2.54007850556945,-19.6461057871601
1.08016694136759,4.31218447278074,-28.0999413031092
5.16996758096945,7.02530011252343,14.4211419940727
1.43156022083576,4.02329867986601,-21.4391750273173
5.59370572403004,1.81840078665688,-11.2033083291896
0.0457962394732347,8.56251116146682,84.5852662482681
7.66681998621487,5.84201224536598,-25.4295660945208
8.48709226458282,3.73578782679898,-13.9139146203947
9.16821270253738,2.21694546768398,-27.9023630910632
9.86968274783658,2.18994117711834,-23.6860029244829
5.05133101798823,5.222324430255,23.1369296249523
2.71421624417515,4.33422713487762,-34.8557180223193
1.00750511921236,7.41303988298553,61.0107537936304
5.07848830829537,0.704496323284114,-18.4850654084831
5.85609125701878,8.47333436397182,19.7996734561251
7.62887095910741,6.79880234557907,-21.6700894093456
0.829626491105439,1.3665152189858,-62.4980924274388
6.61596193082714,8.58402188578687,23.2030925995557
5.16979014706213,1.99834124667075,-11.0461044154079
1.71048017525447,6.07339921764212,28.3524580119799
9.38557864331842,5.43044983654388,-24.2405049826989
5.90483177142572,1.62324692032503,-19.7582125052014
4.4063468076084,0.0565306812684552,-22.3520129181196
9.41918930311283,7.71485147165409,-2.86222425237969
6.55913820257141,7.6478755625534,22.9131732412271
4.51945709260386,4.21069352361882,-17.6128458256925
8.39697420719669,0.568131809736324,-12.0742568037378
5.32623502474346,5.85746995234228,17.5502303752549
5.53887065791275,1.74155244434031,-15.2572161501731
6.80065530083361,7.2861066056631,14.82571225306
3.67189905317367,5.34291049941029,22.4584810074903
2.39290606193545,2.53064287751413,-75.6878328647265
5.78923492459094,9.17056748285585,18.2647549298835
8.66887054672508,7.58194529715416,-2.82207964474134
4.06776760215226,8.87030732228013,27.1710723424166
1.12615141025047,0.687981711037167,-85.830247598989
4.43845836726957,1.8352819552784,-15.6787802312966
3.001844012139,7.37072654586589,22.3078569789025
4.01386853814493,6.96714852649722,25.5897900368795
8.33363563453134,7.76992905706029,4.54847311419425
4.03628662773607,5.01903419153744,28.3920649245252
3.90175938130607,4.25496828002627,17.6963140710704
3.60448893378945,6.11237130774301,13.2528603281255
1.40255359269444,8.55771891361736,83.9025425932715
2.6013019411244,6.70797108980223,21.707257694512
0.868151008658337,5.23592044711161,22.3823644801313
4.29397337085805,2.98815410107022,-17.1165623250485
2.5728278476986,7.03969078651195,85.4327569318718
2.97555384151118,3.81610875988882,-28.7417179548348
4.24858411704626,5.67684997801487,21.723553304801
1.19207259421287,8.87860955311228,87.7751396684951
4.95066923800459,8.42949288995289,21.5015653541508
7.0640722753756,8.9879855583219,-4.90022605039793
2.43573372680951,9.39003091446555,84.2813185745361
7.85070081934006,8.15435155938748,1.08808359591158
0.740895768609269,0.0135782878603108,-74.3974104112867
3.93883426981697,0.0309069755746516,-15.3688031658213
0.0339412296430741,0.874688163187515,-67.742891519877
2.20676891933024,2.6072735120432,-74.4302860778702
0.0130056870059614,0.227986706409334,-66.8202445193138
1.89179670994735,4.24084818805879,-20.7290344736284
1.42484054820971,3.41064968909229,-22.5386272181339
2.68075999123376,5.41353933307704,23.8766946162594
1.74892065335783,9.26169082583073,65.9373017266848
1.38648971592595,2.9849944705924,-78.1707919254906
5.98885610367865,3.38084793851282,-26.4740729075984
9.01057905682726,8.5948010720679,3.10614962671604
9.39379765884238,3.40478310765433,-26.0447403205987
2.21184455939078,1.38120403050086,-81.2434012922024
4.82671375396414,5.07798955352603,27.1875570860606
3.76011115924755,8.5665647689169,25.6216903600276
5.23780036965869,3.84313617882614,-14.0759370209469
2.6487259354859,6.95690926828769,34.9001487489638
0.683572204708291,6.27904177790549,21.4043679232978
4.36327077480103,4.50388154351925,23.0123708781545
1.73853037365001,4.73617942098884,-23.2276478917605
0.261071081549049,9.49706353503533,67.3161930642696
9.5467827408045,0.834975617893309,-16.793756101494
4.30596519859417,2.79828920000213,-13.9572468101083
9.61558573103663,4.47007309334704,-20.1366675327177
7.62414484002993,5.87571263995313,-29.0151596549178
0.0734866110284693,8.77634138414522,71.8382165491035
6.80038640460139,4.69100520229019,-21.6892968063621
7.05950754248883,4.37418475701721,-22.1307449190458
6.45128786607382,7.46184939974845,24.2928573417582
5.5230984450773,4.67910465807746,-18.0307270757863
2.1810872978328,8.60827351057875,85.7607306581393
7.72366213613043,4.66512012381487,-28.4096996432277
2.2802832360045,4.98104487122709,-31.2625833423969
3.70864718973405,4.87430654415445,15.7118341038979
8.90928821025695,2.29468774748017,-25.9363157577611
8.56376907728261,0.855522324090572,-12.8553166025909
4.02433549813444,0.673833136089066,-20.0910038121654
3.18019117496735,8.88390934804578,22.213759029638
6.0863543063499,2.3316768566966,-24.0759347070306
9.10195226694482,8.61595759984367,-1.16660068980151
9.09098187800882,7.11735093007919,2.28683436587994
5.91594408907438,8.72812993042854,27.7456936005577
3.32571407335551,9.3800200691963,11.1169664253765
8.53063629209919,1.396892785475,-12.7643268513435
4.42397893041165,3.93900144851003,-27.2612995745076
9.04355478217944,9.80562829715054,-0.78253517450565
0.331794059521274,6.44794025985376,26.1697126180683
5.32426482500133,8.96409779453934,29.182826811373
7.16497346504382,4.82230405436798,-25.0049058594608
1.79301843821789,0.140930751890233,-89.4299134277906
3.36532925801063,6.22880344434795,14.6703161125149
1.87712948575267,2.31095363111135,-62.8868028362487
3.21927183182924,5.27433962776634,17.691643984378
4.03856711230207,7.24991961357239,20.0054510188506
5.48566299856964,6.07415791144935,21.4051173774481
0.487385927822667,5.88366445795251,34.6494739511332
5.52732133178942,4.33434840033058,-19.8571036203024
2.74811404837501,2.44172893507025,-72.0264859917599
2.41501741734112,4.28960353778007,-34.9248539273045
2.43145179406551,0.101774555217771,-67.8299402503573
1.54159449170074,6.0882144904436,29.9798706611024
9.56416361008024,9.57975188197358,4.64256616169517
9.356613755166,0.954465235496006,-23.4230207275681
8.18714437208244,0.355905633801477,-15.9834971286883
7.28261847822834,8.86235111325751,0.311265268153221
1.7581172827553,2.46941365057497,-60.0438952551727
3.60370977042454,0.0891505625333699,-27.6757761880454
1.88789972641605,8.14920271448039,72.1315157192331
0.0119839684004341,1.40499436548767,-69.0361675954042
3.16419513732543,8.79866440284003,29.011631828169
6.99616986397055,0.953767860905247,-19.2129638641243
6.25255180179041,3.5256010124864,-15.7529502208346
5.43062175343852,5.93420567787491,11.6925327715276
4.39037203387669,5.85181638478593,21.6436267033703
2.87427267482543,6.67681764184503,22.2960304616464
5.0165910674669,6.48027115055705,11.4618861233898
7.61546185669647,4.33369067338592,-21.6112955366169
7.62408048788714,1.39758759099258,-15.7402950479422
5.76055901496557,7.51929507975084,17.2384016880233
7.47662837641716,2.41786793587219,-24.4964938764031
6.45534505981322,6.50459322478062,27.1662335625168
1.23219518324506,8.57374060834467,70.4374706000117
5.04397860092767,0.843704710451489,-29.2349121065173
3.47261312721634,9.72089161712842,29.0713810313343
0.921476848051044,0.314599355591159,-66.1811213049107
1.47849468032519,8.35404550444859,83.0473457721233
1.98169701066402,8.3571334817086,78.4659563952161
6.72270237457429,0.49857501345593,-28.3784497490463
4.31511182901891,5.4588620889083,22.0507452241899
6.94403909684554,9.43169839655479,24.042764566092
2.56784563270148,3.21473069869989,-31.1551243280613
0.0975864988515951,8.06466803793334,71.5530683035219
5.32283071060889,6.01398755252809,15.0300757834988
2.79391965252965,7.89620465123038,61.1027921227755
9.46230153519927,7.99185035044316,-0.278771257526343
9.06443266510002,0.49564765578211,-22.9014465687079
3.92684575974112,2.83198633840946,-15.5793988080409
0.248552338448721,6.53456823979965,27.7679136480838
6.7143679657246,4.89655345328471,-14.9133327719968
8.37170635377054,9.72852237010803,-2.02491825575453
9.71499638311263,7.48489909977082,1.50474093241864
0.56932885435248,5.67841149738807,33.3708995828139
4.50323812733453,2.98964163457197,-27.2221293341874
5.82470301736287,2.56109781061838,-14.1983015352457
6.86637814496303,8.86563794411547,17.9818782320855
7.19432752595998,4.468008627828,-27.7576604680889
6.50040751925391,8.15987253296207,15.1305602380766
7.26914550912652,0.983373017446377,-29.3360320873486
3.73847665839982,8.59593453475272,22.3831470595866
5.81582083212866,0.276290081611751,-13.3069153306189
1.161185127794,8.99156434256364,84.7859708648016
0.576543612148722,8.99935500526176,79.6707930362584
9.79765223975986,5.24106009617363,-20.9290516811746
2.84823726860618,1.20199512647135,-67.539878502868
5.94974298809596,1.77794091822279,-10.8031276911049
9.6216103101126,7.06107594508614,-2.66624587426294
1.85778263408578,8.31359756387049,70.8333880874956
1.93039815977027,0.34833820567729,-79.003651050371
3.41644104645142,7.57838710385933,29.7219619244406
9.32897895818081,9.57112178001164,-2.92843353855042
3.90667536617596,3.42870514996848,-25.1416788311154
2.73216707999963,6.38243709424706,33.2949216444567
1.51947079846844,3.43005811970325,-27.0834478924544
3.97108842743452,2.16471396182541,-13.1782705214545
3.74722466951243,7.86200627030544,26.2184157129741
1.31114707043005,7.23089959545471,74.2952325815084
4.35040717895627,2.78838904787457,-12.3257506449237
0.915131672126108,5.8243142870448,33.1358091917696
6.14626958012946,4.2100578136828,-22.7037275892601
0.109790922908117,0.920687067543677,-62.9184404727489
5.73260383263372,0.240273250067485,-28.1687891247926
7.89729858025762,4.91145804011365,-10.700320430206
2.35366773150869,2.78267020151879,-61.1924908233839
4.48019713464051,3.39757164151065,-29.7713578245253
5.69358183284932,2.87349609515076,-23.7236319692067
0.61401442290847,1.70903235249478,-71.300675782141
4.96288885639885,3.99263314281429,-20.0864850559772
6.42315234585299,6.97649568457898,25.2699135857419
2.21265730127105,2.03676437129015,-61.4662439033854
8.37056445531881,6.6632648848951,-24.5185531318772
9.71075231442514,4.43066089408273,-24.0265611719603
8.46372887693173,4.33295265575696,-19.1778165162501
5.05999455890548,1.75239442394595,-21.645896179105
2.78875611145231,1.9320231176039,-70.1726940385451
7.46617221828201,6.16421331646761,-13.4125082733315
2.3693038411287,2.69010607873387,-71.9758021170168
9.57345281619123,5.59677931615908,-28.3955438908876
6.20260036077771,9.44783991754306,14.520908746265
6.00262145507628,7.14471635748948,17.2201339230217
1.72604501647669,6.79219655394007,24.8684301913375
0.903467381432246,9.59380581307086,62.5074634100398
2.55262202643589,7.75334311958987,75.3799660081639
8.5857053125921,6.07726966322105,-26.6572964956277
9.11067053397794,9.48002359333351,4.04613498537146
6.99633767225763,0.596416235853658,-24.4719182453949
7.25182355023387,2.68712345242794,-17.6599164860101
2.29886078857496,9.86680043980283,68.9405116795909
5.76053456321354,7.72206732094026,23.8342327142963
8.10628105007939,4.75354299957795,-27.6091385365842
4.03843368384066,6.80899555553953,28.4909661523904
9.88439267199745,4.16934754931422,-11.6250555074099
0.899988149868883,3.80149202893181,-27.2400952185916
3.20941032647761,2.13270389075209,-12.5653011146155
5.11408938819178,3.82937989134143,-15.0582231848201
0.606063665682423,0.296677515101038,-86.5188460425785
7.25687923545844,4.72321065084073,-13.9255382642682
5.56555748561992,3.33372686843787,-12.4270730947393
5.29359902481257,9.75844804109989,20.8738998692164
8.29982432033195,5.55443538619757,-16.2924149644284
8.58759034071804,8.46303637783572,-1.17959084931983
7.89028923313949,4.08063494401911,-25.8307852570369
3.17833053726229,4.62018163773892,26.7835895908052
4.52207453762982,8.26306720846432,23.6047277185354
7.52227970049942,9.91203199868745,-0.830779926986778
1.09861705750686,5.23947649263609,29.6433471125913
1.09742368593904,9.25436889631448,66.4224435462037
2.69883663704401,7.39021861521925,78.5181241735423
5.24637345396311,5.67430056171921,23.5038229169144
9.72651076977497,9.68777662942908,1.01023484608767
7.10408685278169,8.24499419818922,-1.53690495996182
3.11859945147533,9.59609278997884,17.288027365231
2.91457127647727,6.46346065444023,22.5722161524732
8.50357337374621,3.79573485440289,-25.9072313583785
9.11647424007853,4.76574680880329,-19.8533382460022
6.39276147276064,9.11889812500719,17.092457090962
2.55370297944443,0.148538557678735,-83.2518359992208
0.886658400322831,1.56693847233962,-67.1041442119332
8.38255587537226,4.71567876529848,-26.896668980284
5.8471861926332,5.42991694845257,-26.3305394163827
9.48108735396022,0.596910323858083,-26.9245672812681
0.610289291925092,6.58030305628083,25.5528027629564
5.84641303355111,8.89635303379043,17.6645906311915
2.85108085658642,1.09632606115212,-85.840042441803
8.27732173448263,4.37773114218114,-19.2781838576592
1.90986440697398,2.80230089607324,-77.116446597166
4.42529962202884,9.85246312451203,23.9061361740357
3.93411506367576,6.08758707334404,29.2183454635098
8.26573979042765,2.53749206918446,-20.9262595850487
6.76871093438419,1.32614726848363,-22.7315314686346
2.0760303437998,5.45004891218423,28.5633873384649
3.18104726150263,8.27803931470922,28.5422429409458
1.33810985356126,8.37006271022824,85.9129670945262
6.71462889478031,8.33348647034423,13.3967850173279
5.70991075462406,2.03715434293916,-13.5739805833423
1.69767066026489,5.44417699248773,23.6525655143479
1.47655777151737,8.74942721542349,82.553380651839
4.76079718267456,1.21000086169667,-13.9826875023404
9.0810241650695,8.56350768537266,4.82940511503982
5.52175026715835,8.99776018962328,24.1927740495814
0.329398927498766,2.1786512393647,-65.2630843655808
0.538629264355561,0.769790849348919,-85.7489217708097
8.05063228558902,4.74215160481872,-28.1882296608686
4.51374854703448,8.35027465734663,29.2332616038653
3.82646229559959,4.69393502041835,21.4119940817192
7.89643703689691,4.13769939249495,-21.2575846070089
3.64286869499794,5.02746263849999,13.5332240938841
5.3234993499891,1.25439959999655,-20.273581207512
7.11656705981266,1.32285325427939,-20.9694383185961
8.71476517995847,8.70475365141086,-3.34722557379826
3.28689611672229,6.02950181301887,19.8778607706489
6.50118025397777,2.65301726053799,-20.702345349525
9.74836148002758,8.64802580056935,-3.01192840167826
0.759673612941356,0.581094582239756,-78.6950673700226
5.87019167082772,4.57753885102086,-10.5263078730872
4.1388649777336,7.22209644099518,16.3758192250138
3.09136426466267,3.3899915159608,20.659990688211
2.63834041526795,4.01219856926313,-24.9016060623196
7.58766265080204,5.26979752194827,-22.043808812213
9.95215981129752,8.94235714464514,-1.38067272543737
1.86571444141369,7.78360658313311,64.0476190975702
7.81145268534765,0.693676026690024,-28.2762700709471
1.95797981026732,2.78784528621045,-79.2167651187468
9.92358973179926,3.79369834686065,-23.1754828459176
8.02261569764289,8.64672546383037,1.75330331309865
4.24226709903306,4.19960369410699,-24.8911542841232
7.28863868051374,2.39877473491883,-26.8435514637392
4.98353582523552,5.97654516413678,20.3331433541815
8.08990267199045,4.79404403601992,-13.0373740290806
3.56508933481046,8.98547501835201,17.6132854857592
0.732434344898074,9.3470923791381,84.6305820432325
5.90991455274849,8.17886833811117,13.427287586856
9.10187830728141,7.08908978901821,-1.70024718582167
1.9376593616661,7.43220570404508,88.9941596072777
4.32367791534398,8.99709782516549,26.1258519302843
7.49159729068009,0.652398048396921,-14.4437585996442
0.39184486647583,3.35911171345859,-34.9965968404213
9.46324989805483,0.0433507260879828,-11.2747739492871
7.63673323663761,8.28095603149386,-0.745168819135188
5.5882055050956,5.07435377303176,-18.0867630417937
1.83842944465775,3.66162436149062,-26.0043932582541
4.97948815018947,2.2663971764437,-12.2384528781179
5.17845600234051,5.34831709596897,18.4862154647527
9.9424301064405,2.89484866389565,-22.2709176533225
8.54851683090675,0.683708974452039,-29.7612257151109
9.62403939711971,0.849707455669264,-14.3980155767899
6.78941008977033,0.68339468134002,-17.0816215582061
4.03501388804361,4.09816499150502,15.3248375837625
9.34979086178052,1.23381382309381,-15.8299606793035
4.79484545632482,4.43016592662236,-13.7677908302165
2.31791611663117,8.989397369643,60.6857887087685
3.96290248509775,3.53639001785661,-18.9880836389697
7.05077475112789,1.20178119552528,-14.8728038678941
5.5855903456055,5.69111025443708,27.3745308947976
7.56630700894368,8.75032726365492,0.286107674426207
9.95481058555258,3.48574977103892,-28.2827033628383
9.62431404366634,0.419210049087696,-29.4786035411781
5.35067105256157,1.42339719388392,-21.7085191732466
9.63870129971714,0.765928348764171,-12.3795076534736
1.15625879181259,7.40526589300887,87.7959776679403
0.514482932302053,4.56525127319,-28.9034115872174
3.04348945636573,6.68249315315529,27.6723060984954
5.80191833142712,6.99246075603127,18.4895186217531
5.30964452338281,5.71357212390758,22.1451477176808
9.01208092653144,6.28693341954442,-11.415271649546
5.40550425170244,8.77763925090051,28.495448623664
4.31980610856683,6.62351739628039,22.841588322834
5.42666987436342,8.75413611874801,12.0899933579515
7.12414805789522,4.67517018838227,-24.0045014737891
0.166747129402325,1.41336028336665,-71.87412986485
8.00920882057848,0.681344572325885,-11.6980950155414
1.42509324923791,7.14242406919872,66.4343660265322
4.78474472902863,3.07986028182987,-14.9759779507679
2.56835354179634,6.71163971711563,23.3997970619211
3.69091688824861,6.52420835422264,24.0600878203625
6.61764913365414,5.31048838345102,-25.0830517043565
1.69608813454314,7.15107031762305,76.4185990159096
2.78784020439019,5.04810623023082,28.3022512990138
1.98221794513839,4.87999358505228,-29.4585918755456
1.95071533284261,4.97838309030001,-34.7818542577212
3.26839648349976,9.35975553324428,22.6855640596524
8.803378603792,3.89281682796525,-22.0091122506164
4.71101865015748,1.17145165727576,-28.1837391416015
4.03969372170941,2.40423553971239,-21.4167326776446
1.79231476423447,6.84908494629146,25.0312988187059
9.68924996147292,8.39253615059596,4.57139158310899
4.0745573780262,9.70144632898035,18.7984624456031
8.44487396483448,2.15169612804033,-22.0308518703135
6.15325097130849,7.60343346418237,24.4052472314105
3.76611078032737,5.84102849858033,23.5755668334293
8.77181749337097,4.02951577571241,-14.2551802020641
7.84852427283024,5.10040337757567,-11.6324675009133
4.64954283314534,4.95644219085048,15.489588157712
8.13976926820934,6.51368342531714,-27.3503677293293
8.9844413718012,7.43706144622944,0.593570673974559
4.29238543114827,3.01953469127232,-19.2925554205464
3.3432941962222,0.896119352021238,-18.6060180156081
5.96647104445246,8.25965482484244,25.4797184004083
9.01990808706562,3.89587008921693,-23.0784084256158
7.02066449359676,7.75304853268839,1.57729271666528
3.77455102070865,1.79369095283976,-13.2204180916948
7.34955925430014,1.09361209717788,-18.6475365388734
9.54102786471214,9.05158338091637,0.0508608435552187
5.42813113103551,8.76351003922501,17.5066456185991
5.40105832359366,9.99792564444752,19.6074445617173
3.11109639604002,8.64254686057084,16.8484280553422
0.712345719245837,0.368775222838726,-83.3143932042022
1.81980467169021,5.44682442007247,25.7591579358471
0.929889268706779,9.97616182183573,81.346692809737
4.63489247762243,5.11008154246046,19.618668147839
0.0933251202776941,8.73512175935722,81.8754066636472
9.1502591173579,0.702214723365389,-28.7511847792681
6.42741739133104,9.87538736827996,20.3450880510185
0.0141905820240296,9.22713429546706,87.0920624588
0.303852724949177,5.64260919599778,23.2728896319637
2.0847022330532,4.31462053674345,-33.0982901025936
4.54966145002097,3.37844565256492,-11.6538586386171
1.27266033325133,7.20723427847251,73.9621024971208
0.0864768787809034,0.136555666633351,-60.6578946842394
7.27079601148527,3.74060192775824,-26.165611000711
3.54116466056586,9.22685220392168,13.5841900158246
7.80445946096025,5.46479648029272,-13.307844937079
4.36656641635291,4.73886869752125,13.6320693432421
4.36554782372268,4.96537318440195,23.8287312662241
0.492131803564864,3.08971081219392,-23.2064527884193
0.496319015193902,9.50837558840908,68.9431457931962
0.911001754130539,9.8199328087302,83.0500544117924
5.94037031444121,5.13563103542578,-20.0230018929204
2.41084055169022,9.92589818472072,87.2839441952184
8.41369101972144,4.55843702065251,-11.1570580617588
8.57212764090606,4.26040880892099,-18.7350385648579
9.63612200951355,2.13214778797911,-21.4450949114233
4.88899786160604,1.93249480429275,-21.3013431955436
2.20310100568633,8.32754245970334,84.7144970167908
2.26208640841286,7.26637099604961,63.7829648244774
5.36787804512826,5.29745693905775,-16.0023355506752
7.62109709211147,8.2908073749933,-4.97877975166789
3.47567150448759,5.11874431338254,29.0221471578055
4.61231759391499,5.51961846254546,25.3259872666399
6.39323762199356,2.13284894015896,-25.026083243763
9.17336040866845,5.8782062632273,-12.7772967428187
1.61572573890331,1.42763225348141,-70.4795862792788
7.15635404167474,0.522235278251505,-13.0268112099496
5.77738876192409,6.83307915305935,19.9344135651585
4.33298977209119,6.08559478411928,26.1730450582438
8.84242782631094,2.19655934781161,-22.6573758688229
3.93051755376913,4.06279942301345,23.768029953857
1.78975152627732,6.2990794476248,29.5935532678289
6.33333580320122,5.55307624725453,-24.5864345248714
6.24000554312344,1.27579062038263,-27.1969141617074
3.27941596973249,1.69198331655614,-22.5391075882915
8.02965315958237,0.00999418116753414,-13.6118274581878
9.99477858635892,4.18162471197124,-21.4661309266516
9.80978160932146,4.88485678876445,-13.2713231276811
1.27036942194857,1.5986884315247,-87.1815520672653
2.32240145961793,6.66838577223759,21.1601417769998
0.23632466658225,0.179203690512555,-70.1560395042503
6.07432610401855,1.19675356519242,-21.6123509479427
1.1080932128715,9.52125308877993,74.2570547247683
4.07459507878399,9.75853970932192,26.1064097245106
8.84076806661962,0.309145386684058,-20.6155628194961
5.48132777476587,4.93881843753437,-14.5462066328458
3.69003076711617,8.6272212813883,24.1896995039296
2.08345982813347,2.4287616629311,-64.4589765961455
4.40943276524323,8.34270163718799,23.1623236244677
9.56196152175878,8.13591192402868,1.33982547890093
1.24025916648043,6.28973104075631,23.4395937719866
4.70763245866957,0.0223819856083329,-13.644560305454
8.56896327782193,3.79723939726934,-13.327050154729
0.433904715669532,9.04405696492435,64.4882127485622
6.91625145201306,6.80351665064685,-14.054947954852
9.78985466675038,3.7882313072617,-29.0991780362755
2.83267898492137,6.31954710702334,20.2386250821423
1.33780499994423,2.4326952247059,-88.7254305051355
6.85279684412687,5.71413071603897,-10.5138457074046
9.09454555749395,9.81728773776423,4.71110663095709
6.10868982383243,8.49682018905517,15.9519135351695
8.99982796432861,2.83444185689061,-20.5014615843885
1.93433751939092,6.82457664450218,32.9350881721899
7.5442458148825,3.58124530982,-27.9280980692982
3.46260716664775,9.8692676996185,13.7802111082232
4.18625414302713,0.839862957561888,-23.2143911489607
1.55719830354892,2.503058863617,-88.2369281362046
8.19000583926841,8.11346615315006,4.75707125670632
6.24923527846277,0.844231038780854,-12.1587050603549
7.38560421610648,5.31253963741857,-13.5779845604453
8.05112420706954,8.0062297914795,2.46551427132036
0.672226575631786,7.38823241921064,61.4840556759585
9.50790316505566,1.41662980302459,-11.4256976392707
4.97577011022161,4.37894257905023,-19.7825103914266
7.55145904700522,3.50380372413469,-26.9978764247927
7.42405070676942,4.7849749719769,-29.94082887756
8.31129575710113,5.87403400124094,-10.0878522516435
1.56501846750202,1.45805695219521,-76.2782239217724
4.57308720551409,9.05330607244364,27.2269635283313
6.18100496094381,6.40194248332222,28.1827804894012
9.3218335504705,1.6293957144067,-26.9070112455522
8.35088235559351,5.65910591001657,-27.5774576927705
8.9542351634235,9.31616136977195,2.46182237657744
5.8251852466803,7.83101883684631,12.3497876039781
5.82746806361791,6.85687136978989,20.1804451367299
8.54925938969955,4.66219284982742,-13.3766352791877
0.348657000479308,2.6031809566653,-84.9333450958742
8.85420095484803,5.69268171077019,-28.5602171347748
4.07730811355982,2.48770662888077,-13.3896885768804
0.363820304478321,3.19301591520897,-33.2560598006781
7.4614794273772,9.10802232216941,-1.12137105370885
1.54828770751106,8.85220040994411,71.4770838067681
1.43908328674868,7.94589424165852,68.1435877190106
6.05959053323747,9.25809807166877,27.3576628567031
2.54480844051368,1.78839950775878,-82.2450737163267
3.24154205005822,5.17541148236465,18.9574546025529
4.01790917846999,6.27005316409309,24.1927771566144
4.06373321401127,9.13182345900904,28.8866256580403
3.86191138560912,6.63968253838808,13.4823574694327
6.09801823837955,3.89192822992613,-14.8919256792865
1.66890722666246,7.40007581416152,79.2278737318579
1.88092073195248,8.17634859708731,84.2583752969713
0.946288698621655,6.00344793176493,32.800565096797
3.23186272761264,0.849970645027028,-17.9623529384153
7.69596929272335,9.22358001090054,-3.84506191252291
2.34118002458998,0.535978153165582,-62.4084285531898
7.40365469624262,5.27024952677366,-17.2093524015911
6.92818413831729,1.18853276619748,-26.578110992804
8.2407821336638,3.80142990241005,-14.2921941255328
8.27977549139487,8.12832533015109,2.91040323906674
2.93367934008392,2.4409591557169,-79.6406494252913
3.09369242422749,8.84422659093575,10.522928961236
5.23029798441993,7.1264679475915,25.7155257179555
3.25298992494426,3.78148438082143,28.4512609054598
8.31842510486068,2.48919610995933,-19.8462626195141
8.10294790743841,2.52853745239273,-26.6802331023778
5.56998261278609,7.67243594526935,12.627073706867
2.62964033730157,0.498618850472403,-82.7935041354756
6.8056620230445,6.85288567608909,28.514723613455
2.33653145442385,6.20278122151001,32.4906136160334
4.56425364613112,7.46684629968725,15.1880232170507
3.84566894511524,9.77255648345669,14.2604353472418
5.38601438698022,3.83913512660615,-20.4462956336765
9.91703720961955,2.60205602313722,-17.9471420165009
7.5522040167783,8.77469536014124,-0.208902174464097
9.80454849430374,8.06095983510647,4.93903639578547
2.34782640662848,4.61121079779699,-29.0671768666912
5.28559088552665,0.909616879242212,-28.8981729265455
0.514360535669078,5.64268825273198,27.3566332270774
7.56875470984622,1.87382889148607,-18.7589311954454
6.0197976627551,5.31689585894733,-25.4531114477772
8.57168709122209,3.55033321773383,-24.8813313459667
9.88277139258114,3.14783504755494,-18.85808135022
9.29484472425617,7.26741468842694,-4.46999947489956
4.09514933438815,5.15772858133538,11.7564368831483
0.0034146221813891,7.90644897912478,83.9395787303285
5.40878322763043,2.04492581358956,-23.1116474592239
2.07730621996059,6.78106077559796,20.4850333016963
2.1928358818243,0.524855426380236,-76.7120048904358
3.25806262734222,8.01172362362499,24.3960310978438
0.959494166075845,6.78568638819314,21.6561207343544
7.47533661738303,9.46008945084062,-2.83352623719721
7.48508957393292,0.915581428748301,-26.2204043123292
5.43299433085109,9.08438370578178,12.7732376573853
3.38132316524053,5.09953037053204,27.6379840146618
8.32333661620528,6.14903565140055,-28.4711212338061
5.52572178025958,3.1607120088596,-10.2551112567228
9.57543116962021,0.774874815154217,-17.5431850608599
8.92833319318002,8.50614066003707,-3.32188311022401
3.56503617127004,1.44526906948512,-20.8044559148972
5.46401892991887,3.70485792654012,-12.0332486985566
3.46681751254949,6.22391433081251,10.7853549177949
6.2280279065913,9.9755190243137,28.6645822354709
7.96624685308396,5.17344133245693,-29.4318376572843
7.4587490154065,9.90511215150315,-1.39071979952411
1.2553623135482,2.26534462555839,-79.3261621130024
8.2239400675902,3.98005186420214,-11.3589460418736
0.251505014285022,6.9656868951164,23.1186799462345
4.14428880924032,0.646407594535227,-10.7920769355147
7.31407467972937,7.47661582378364,-0.306406867761471
7.81374000275963,4.20400431232813,-13.0019344532527
3.67285915131369,8.11317420238023,29.8261384236838
